{
  "schemaVersion": "SourceKernelFixtureV1",
  "coverage": "partial: India R one-dose vaccine take/no-take conditioning and boost only",
  "releaseGateSatisfied": false,
  "generatorCommand": "Rscript scripts/generate-reference-fixtures.R",
  "source": {
    "repository": "india-polio",
    "commit": "1e3e832742e84a36fbc75d81b3a2d19cde8208e6",
    "branch": "main",
    "trackedDirty": false,
    "untrackedPaths": ["AGENTS.md"],
    "runtime": "R version 4.5.3 (2026-03-11)",
    "sourceFilesRead": ["/Users/famulare/git/famulare/india-polio/model/R/mixture.R", "/Users/famulare/git/famulare/india-polio/model/R/titer_bounds.R", "/Users/famulare/git/famulare/india-polio/model/R/susceptibility.R"]
  },
  "inputs": {
    "serotype": 1, "strain": "Sabin", "alpha": 0.44400000000000001, "beta": 8, "gamma": 0.46239999999999998, "doseTCID50": 199526.23149688789, "takeContext": 0.80000000000000004,
    "formulationMultiplier": 1, "mu0": 4, "sigma0": 2.3999999999999999, "log2NMax": 15, "lowDoseLinearRatio": 0.01,
    "mucosalBins": [0.050000000000000003, 0.10000000000000001, 0.14999999999999999, 0.20000000000000001, 0.20000000000000001, 0.14999999999999999, 0.10000000000000001, 0.050000000000000003, 0, 0, 0, 0, 0, 0, 0, 0], "serumBins": [0.20000000000000001, 0.20000000000000001, 0.14999999999999999, 0.14999999999999999, 0.10000000000000001, 0.10000000000000001, 0.050000000000000003, 0.050000000000000003, 0, 0, 0, 0, 0, 0, 0, 0]
  },
  "output": {
    "takeProbability": 0.59537533389122343, "noTakeProbability": 0.40462466610877657,
    "takeMucosal": [0.066434558034279681, 0.12906191448333687, 0.18241132795833293, 0.22029168692748152, 0.19143091375276439, 0.12006595396346301, 0.064778874396410654, 0.025524770483930835, 0, 0, 0, 0, 0, 0, 0, 0],
    "noTakeMucosal": [0.025817760763048755, 0.057237537677984007, 0.10230912294441594, 0.17014228026222783, 0.21260877799332942, 0.19404573953711293, 0.15182528692065536, 0.086013493901225924, 0, 0, 0, 0, 0, 0, 0, 0],
    "takeSerum": [0.24045101195894694, 0.23356118307330812, 0.16505336115024877, 0.1494968148406795, 0.086607328877553291, 0.07242711470897005, 0.029307310763889816, 0.023095874626403595, 0, 0, 0, 0, 0, 0, 0, 0],
    "noTakeSerum": [0.12217719351046882, 0.13543238279120226, 0.12103917170226129, 0.15096806678957614, 0.12576586351406663, 0.15304686366164588, 0.089810206770701784, 0.10176025126007715, 0, 0, 0, 0, 0, 0, 0, 0],
    "boostedTakeMucosal": [0.010785824865890897, 0.016172997044434024, 0.033259218181398119, 0.060498775468471482, 0.097030271986714767, 0.13613127907285549, 0.16494261057233239, 0.1694710506490236, 0.14377044344841347, 0.096702038688705999, 0.048786167770302584, 0.017422496689401719, 0.0042361815844394191, 0.00070017878801968464, 8.2335272457468699e-05, 8.1299171387742406e-06],
    "boostedTakeSerum": [0.026252074612257065, 0.033309945286905368, 0.059622502210207665, 0.092747393967767516, 0.12575746054220982, 0.14888885400119101, 0.15380902074905206, 0.13791984726925241, 0.10583364026630014, 0.067203002468391781, 0.033229783731739779, 0.011906380461044877, 0.0029445676751158516, 0.0005042025848884668, 6.3928206369132085e-05, 7.3959673070373991e-06]
  }
}
