{
  "schemaVersion": "SourceKernelFixtureV1",
  "coverage": "partial: India R live-vaccine one-, three-, and four-dose composition plus all selected schedule/assessment waning intervals",
  "releaseGateSatisfied": false,
  "generatorCommand": "Rscript scripts/generate-reference-fixtures.R",
  "source": {
    "repository": "india-polio",
    "commit": "1e3e832742e84a36fbc75d81b3a2d19cde8208e6",
    "branch": "main",
    "trackedDirty": false,
    "untrackedPaths": ["AGENTS.md"],
    "runtime": "R version 4.5.3 (2026-03-11)",
    "sourceFilesRead": ["/Users/famulare/git/famulare/india-polio/model/R/mixture.R", "/Users/famulare/git/famulare/india-polio/model/R/titer_bounds.R", "/Users/famulare/git/famulare/india-polio/model/R/susceptibility.R", "/Users/famulare/git/famulare/india-polio/model/R/immunity.R"]
  },
  "inputs": {
    "serotype": 1, "strain": "Sabin", "alpha": 0.44400000000000001, "beta": 8, "gamma": 0.46239999999999998,
    "doseTCID50": 199526.23149688789, "takeContext": 0.80000000000000004, "formulationMultiplier": 1, "mu0": 4, "sigma0": 2.3999999999999999,
    "log2NMax": 15, "waningLambda": 0.87, "daysPerMonth": 30.4375, "lowDoseLinearRatio": 0.01,
    "waningInputBins": [0.050000000000000003, 0.10000000000000001, 0.14999999999999999, 0.20000000000000001, 0.20000000000000001, 0.14999999999999999, 0.10000000000000001, 0.050000000000000003, 0, 0, 0, 0, 0, 0, 0, 0]
  },
  "cases": [
    {"id": "one-dose-28-day-assessment", "doseDays": [42], "assessmentLagDays": 28, "assessmentAgeDays": 70, "groups": [{"mass": 0.2089300565684975, "everInfected": false, "mucosal": [1, 0, 0, 0, 0, 0, 0, 0, 0, 0, 0, 0, 0, 0, 0, 0], "serum": [1, 0, 0, 0, 0, 0, 0, 0, 0, 0, 0, 0, 0, 0, 0, 0]}, {"mass": 0.7910699434315025, "everInfected": true, "mucosal": [0.072374343301497779, 0.076408780880254268, 0.1172024048669485, 0.15149882413077698, 0.16503129364104496, 0.15149882413077698, 0.11720240486694843, 0.076408780880254268, 0.041977981536236442, 0.019433919116090492, 0.0075813393048479449, 0.0024920780452145626, 0.00069022150799336046, 0.00016106650182923235, 3.166566537449178e-05, 6.0716239113078885e-06], "serum": [0.072374343301497779, 0.076408780880254268, 0.1172024048669485, 0.15149882413077698, 0.16503129364104496, 0.15149882413077698, 0.11720240486694843, 0.076408780880254268, 0.041977981536236442, 0.019433919116090492, 0.0075813393048479449, 0.0024920780452145626, 0.00069022150799336046, 0.00016106650182923235, 3.166566537449178e-05, 6.0716239113078885e-06]}]},
    {"id": "one-dose-90-day-assessment", "doseDays": [42], "assessmentLagDays": 90, "assessmentAgeDays": 132, "groups": [{"mass": 0.2089300565684975, "everInfected": false, "mucosal": [1, 0, 0, 0, 0, 0, 0, 0, 0, 0, 0, 0, 0, 0, 0, 0], "serum": [1, 0, 0, 0, 0, 0, 0, 0, 0, 0, 0, 0, 0, 0, 0, 0]}, {"mass": 0.7910699434315025, "everInfected": true, "mucosal": [0.1910633487147565, 0.12957467921403956, 0.1563805998079032, 0.16014951796391877, 0.13912654978368585, 0.10248629401896385, 0.063988029541845362, 0.033845315469427491, 0.015158155864614671, 0.0057454118850250079, 0.0018420666477824096, 0.00049933129120317702, 0.00011438574961876403, 2.2432733499084498e-05, 3.881313716380747e-06, 0], "serum": [0.1910633487147565, 0.12957467921403956, 0.1563805998079032, 0.16014951796391877, 0.13912654978368585, 0.10248629401896385, 0.063988029541845362, 0.033845315469427491, 0.015158155864614671, 0.0057454118850250079, 0.0018420666477824096, 0.00049933129120317702, 0.00011438574961876403, 2.2432733499084498e-05, 3.881313716380747e-06, 0]}]},
    {"id": "three-dose-ri-28-day-assessment", "doseDays": [42, 70, 98], "assessmentLagDays": 28, "assessmentAgeDays": 126, "groups": [{"mass": 0.0091201664698998732, "everInfected": false, "mucosal": [1, 0, 0, 0, 0, 0, 0, 0, 0, 0, 0, 0, 0, 0, 0, 0], "serum": [1, 0, 0, 0, 0, 0, 0, 0, 0, 0, 0, 0, 0, 0, 0, 0]}, {"mass": 0.99087983353010034, "everInfected": true, "mucosal": [0.011419380990865478, 0.014633108942413764, 0.029092933163503885, 0.052967937078314056, 0.085867001559235157, 0.12117438997795789, 0.14799445170836964, 0.15695823707497009, 0.14423016593461083, 0.1127409098924827, 0.072174936576411539, 0.035624504288864711, 0.012319281162579767, 0.0025396306541252901, 0.00024765708431901149, 1.5473910976155705e-05], "serum": [0.011419380990865478, 0.014633108942413764, 0.029092933163503885, 0.052967937078314056, 0.085867001559235157, 0.12117438997795789, 0.14799445170836964, 0.15695823707497009, 0.14423016593461083, 0.1127409098924827, 0.072174936576411539, 0.035624504288864711, 0.012319281162579767, 0.0025396306541252901, 0.00024765708431901149, 1.5473910976155705e-05]}]},
    {"id": "three-dose-ri-90-day-assessment", "doseDays": [42, 70, 98], "assessmentLagDays": 90, "assessmentAgeDays": 188, "groups": [{"mass": 0.0091201664698998732, "everInfected": false, "mucosal": [1, 0, 0, 0, 0, 0, 0, 0, 0, 0, 0, 0, 0, 0, 0, 0], "serum": [1, 0, 0, 0, 0, 0, 0, 0, 0, 0, 0, 0, 0, 0, 0, 0]}, {"mass": 0.99087983353010034, "everInfected": true, "mucosal": [0.036547630778495085, 0.037705730207988425, 0.064836122161702189, 0.098603978344927151, 0.13084960298436457, 0.15122809574831719, 0.15236664438284606, 0.13287056271358602, 0.098106922969173171, 0.058989537474318107, 0.027217253023929567, 0.0087913175527786994, 0.0017128118080006688, 0.00016389808028777442, 9.8917692853064728e-06, 0], "serum": [0.036547630778495085, 0.037705730207988425, 0.064836122161702189, 0.098603978344927151, 0.13084960298436457, 0.15122809574831719, 0.15236664438284606, 0.13287056271358602, 0.098106922969173171, 0.058989537474318107, 0.027217253023929567, 0.0087913175527786994, 0.0017128118080006688, 0.00016389808028777442, 9.8917692853064728e-06, 0]}]},
    {"id": "four-dose-ri-booster-1y-28-day-assessment", "doseDays": [42, 70, 98, 365.25], "assessmentLagDays": 28, "assessmentAgeDays": 393.25, "groups": [{"mass": 0.0019054768964702946, "everInfected": false, "mucosal": [1, 0, 0, 0, 0, 0, 0, 0, 0, 0, 0, 0, 0, 0, 0, 0], "serum": [1, 0, 0, 0, 0, 0, 0, 0, 0, 0, 0, 0, 0, 0, 0, 0]}, {"mass": 0.99809452310352986, "everInfected": true, "mucosal": [0.027336271783271898, 0.028172270171852785, 0.050728729846802538, 0.082289052408842087, 0.11759302856606722, 0.14619479028675317, 0.1570153041447877, 0.14461470777508825, 0.11302823319088129, 0.073691421876526192, 0.038812906159105487, 0.015529557612192321, 0.0042404029453299861, 0.00068587366513682131, 6.2689242770459777e-05, 4.7603245918176586e-06], "serum": [0.027336271783271898, 0.028172270171852785, 0.050728729846802538, 0.082289052408842087, 0.11759302856606722, 0.14619479028675317, 0.1570153041447877, 0.14461470777508825, 0.11302823319088129, 0.073691421876526192, 0.038812906159105487, 0.015529557612192321, 0.0042404029453299861, 0.00068587366513682131, 6.2689242770459777e-05, 4.7603245918176586e-06]}]},
    {"id": "four-dose-ri-booster-1y-90-day-assessment", "doseDays": [42, 70, 98, 365.25], "assessmentLagDays": 90, "assessmentAgeDays": 455.25, "groups": [{"mass": 0.0019054768964702946, "everInfected": false, "mucosal": [1, 0, 0, 0, 0, 0, 0, 0, 0, 0, 0, 0, 0, 0, 0, 0], "serum": [1, 0, 0, 0, 0, 0, 0, 0, 0, 0, 0, 0, 0, 0, 0, 0]}, {"mass": 0.99809452310352986, "everInfected": true, "mucosal": [0.073808696210763039, 0.062113969985619674, 0.095024798237008545, 0.12791098158898442, 0.1500982405273821, 0.15254184645892152, 0.13322003341544195, 0.098837660764731536, 0.061109158930773864, 0.030413546047329307, 0.011457047371087567, 0.0029581229763625005, 0.00046106277210922664, 4.1791653934057634e-05, 3.0430595508782882e-06, 0], "serum": [0.073808696210763039, 0.062113969985619674, 0.095024798237008545, 0.12791098158898442, 0.1500982405273821, 0.15254184645892152, 0.13322003341544195, 0.098837660764731536, 0.061109158930773864, 0.030413546047329307, 0.011457047371087567, 0.0029581229763625005, 0.00046106277210922664, 4.1791653934057634e-05, 3.0430595508782882e-06, 0]}]},
    {"id": "four-dose-ri-booster-2y-28-day-assessment", "doseDays": [42, 70, 98, 730.5], "assessmentLagDays": 28,